model,accuracy
xgboost,0.9765374472297517
random_forest,0.9748928528120976
knn,0.9611421831646434
logistic_regression,0.9507099210112532
svm,0.9422277000303252
mlp,0.9137402114409626
naive_bayes,0.8778404868200835
